first name,last name,Institution,roleDaniel,Altshuler,Heinrich-Heine-Universität Düsseldorf,Jeroen,Groenendijk,"Universiteit van Amsterdam, ILLC",Nathan,Klinedinst,University College London,Luisa,Marti,"Queen Mary, University of London",Veneeta,Dayal,Rutgers University (USA),Greg,Carlson,U Rochester,Daniel,Lassiter,"Department of Psychology, Stanford University",Kai,Von Fintel,"Department of Linguistics & Philosophy, MIT",Friederike,Moltmann,"IHPST, Paris",Orin,Percus,University of Nantes / LLING EA 3827,Hannah,Rohde,University of Edinburgh,Cristina,Schmitt,Michigan State University,Kyle,Rawlins,,Kathryn,Davidson,University of Connecticut,Igor,Yanovich,MIT,Alice,Ter Meulen,"Dept. Linguistique, Université de Geneve, Suisse (CH)",Hana,Filip,Heinrich-Heine University,Yasutada,Sudo,University College London,Kyle,Johnson,University of Massachusetts at Amherst,Valentine,Hacquard,University of Maryland,Itamar,Francez,University of Chicago,Edit,Doron,The Hebrew University of Jerusalem,Jonathan,Bobaljik,University of Connecticut,Rajesh,Bhatt,UMass Amherst,Eytan,Zweig,,Emmanuel,Chemla,LSCP,Jessica,Rett,UCLA,Ron,Artstein,USC Institute for Creative Technologies,Louise,McNally,Universitat Pompeu Fabra,Seth,Cable,University of Massachusetts,Liina,Pylkkanen,New York University,Uli,Sauerland,ZAS,Marta,Abrusan,CNRS,Craige,Roberts,OSU,Scott,Anderbois,UC Santa Cruz,Todor,Koev,Rutgers Univ,Kristen,Syrett,Rutgers University,Guillaume,Thomas,MIT dpt of linguistics and philosophy,Graeme,Forbes,,Barbara,Partee,University of Massachusetts Amherst,Ilaria,Frana,University of Massachusetts at Amherst,Roumyana,Pancheva,USC,Chris,Cummins,Universität Bielefeld,Gennaro,Chierchia,harvard University,Reinhard,Muskens,Tilburg Center for Logic and Philosophy of Science,Chris,Potts,Stanford University,Alan,Bale,Concordia University,Carl,Pollard,Ohio State University,Barbara,Abbott,Michigan State University,Haihua,Pan,City University of Hong Kong,Michael Yoshitaka,Erlewine,MIT,Anastasia,Giannakidou,University of Chicago,Ashwini,Deo,Yale University,Suwon,Yoon,Bergische Universität Wuppertal,Richmond,Thomason,University of Michigan,Jon,Gajewski,University of Connecticut,Stefan,Kaufmann,"Department of Linguistics, University of Connecticut",Barry,Schein,University of Southern California,Mana,Kobuchi-Philip,,Angelika,Kratzer,University of Massachusetts at Amherst,Christopher,Tancredi,Keio University,Susanne,Wurmbrand,University of Connecticut,Jean,Gawron,San Diego State University,Sarah,Moss,,Eric,Mccready,"Dept. of English, Aoyama Gakuin University",Adrian,Brasoveanu,UC Santa Cruz,Shoichi,Takahashi,Nihon University,Kimiko,Nakanishi,Ochanomizu University,Ivano,Caponigro,"University of California, San Diego",Robert,Henderson,McGill University,Cheung,Chi-Hang Candice,"Dept of Linguistics and Modern Languages, The Chinese University of Hong Kong",Judith,Tonhauser,The Ohio State University,Nicholas,Asher,CNRS Laboratoire IRIT,Beth,Levin,Stanford University,Matthew,Wagers,"University of California, Santa Cruz",,Gaertner,ZAS,Sophia,Malamud,Brandeis University,Jesse,Harris,Pomona College,Susan,Rothstein,Bar-Ilan University,Meredith,Landman,Pomona College,Sarah,Murray,Cornell University,Winfried,Lechner,University of Athens,Robin,Cooper,Gteborg University,Fred,Landman,Professor,Cecile,Meier,Universitaet Frankfurt,Makoto,Kanazawa,National Institute of Informatics,Maribel,Romero,University of Konstanz,Jakub,Dotlacil,University of California Santa Cruz,Maria,Aloni,UvA,Robert,van Rooij,University of Amsterdam,Elizaveta,Bylinina,Utrecht University,Doris,Penka,Universitaet Konstanz,Niina Ning,Zhang,National Chung-Cheng University,Andrew,Koontz-Garboden,The University of Manchester,Martina,Faller,The University of Manchester,Paul,Elbourne,Queen Mary and Westfield College,Heather,Burnett,"Université de Montréal/École normale supérieure, Paris",Christian,Ebert,University of Tuebingen,Tim,Fernando,Trinity College,Cornelia,Ebert,University of Stuttgart,Andreas,Haida,"Humboldt University, Berlin",Galit,W. Sassoon,Bar Ilan University,Janneke,Huitink,Goethe-University,Paul,Pietroski,UMD,Vincent,Homer,ENS - IJN,Michael,Franke,University of Amsterdam,Ede,Zimmermann,Goethe Universität Frankfurt,Angeliek,Van Hout,University of Groningen,Mark,Steedman,University of Edinburgh,Floris,Roelofsen,"ILLC, University of Amsterdam",Tom,Werner,Carnegie Mellon University,Anamaria,Falaus,University of the Basque Country (UPV/EHU),Yoad,Winter,Utrecht University,Andrew,Kehler,UC San Diego,Stephanie,Solt,ZAS,Chris,Kennedy,University of Chicago,Kjell,Sæbø,University of Oslo,Yael,Sharvit,uconn,Chung-Hye,Han,Simon Fraser University,Christine,Gunlogson,University of Rochester,Francis,Corblin,CNRS,Roni,Katzir,Tel Aviv University,Jason,Merchant,University of Chicago,Stefan,Hinterwimmer,"Institute of Cognitive Science, University of Osnabrueck",Elizabeth,Coppock,University of Gothenburg,Benjamin,Slade,University of Texas at Arlington,Marcin,Morzycki,Michigan State University,Michela,Ippolito,University of Toronto,Amy Rose,Deal,UC Santa Cruz,Peter,Klecha,University of Chicago,Elena,Herburger,Georgetown University,Donka,Farkas,ucsc,Stephen,Crain,Macquarie University,Ana,Arregui,University of Ottawa,Alexander,Williams,University of Maryland,Tania,Ionin,University of Illinois at Urbana-Champaign,Edward,Stabler,UCLA,Ming,Xiang,Uchicago,Hans,Kamp,Stuttgart University,Bernhard,Schwarz,McGill University,Zoltan,Szabo,,Ariel,Cohen,Ben-Gurion University,Molly,Diesing,Cornell University,Sandra,Chung,"University of California, Santa Cruz",Diane,Lillo-Martin,,Seungho,Nam,Seoul National University,Edward,Gibson,MIT,Chungmin,Lee,Seoul Nat'l U,Dorit,Abusch,Cornell,William,Mcclure,City University of New York,Gillian,Ramchand,University of Tromsø/CASTL,Malte,Zimmermann,Potsdam University,Sabine,Iatridou,MIT,Bridget,Copley,SFL (CNRS/Paris 8),Regine,Eckardt,Göttingen,Elena,Castroviejo,CCHS-CSIC,Raj,Singh,Carleton University,Florian,Schwarz,"Department of Linguistics, UPenn",Ezra,Keshet,University of Michigan,Lynsey,Wolter,SALT,Roger,Schwarzschild,Rutgers University,Emar,Maier,University of Groningen,Paul,Portner,Georgetown University,M. Ryan,Bochnak,"University of California, Berkeley",Luis,Alonso-Ovalle,McGill University,Aynat,Rubinstein,Georgetown University,Paula,Menendez-Benito,University of Goettingen,Dilip,Ninan,Tufts University,Mandy,Simons,CMU,Patrick,Grosz,University of Tuebingen,Marcus,Kracht,Universität Bielefeld,Laura,Kertz,Brown University,Frank,Veltman,ILLC University of Amsterdam,David,Beaver,The University of Texas at Austin,Ronnie,Wilbur,"Purdue University Linguistics, and Speech-Lg-Hear Sci",Toshiyuki,Ogihara,Univ. of Washington,Ben,George,,Michael,Glanzberg,,Daphna,Heller,University of Toronto,Gerhard,Jaeger,University of Tuebingen,Marcelo,Ferreira,Universidade de São Paulo,Sam,Cumming,UCLA,Paul,Dekker,ILLC/University of Amsterdam,Martin,Hackl,MIT,Napoleon,Katsos,"University of Cambridge, RCEAL",Thony,Gillies,Rutgers,Penka,Stateva,University of Nova Gorica,Tamina,Stephenson,University of Massachusetts -- Amherst,Junko,Shimoyama,McGill University,Benjamin,Spector,Institut Jean-Nicod - CNRS - ENS - EHESS,Jeffrey,Lidz,University of Maryland,Markus,Steinbach,University of Göttingen,Isidora,Stojanovic,"Institut Jean-Nicod, CNRS-ENS-EHESS",Natasha,Abner,University of Chicago,Jacques,Jayez,"ENS-LSH and L2C2, CNRS",Ann,Bunger,,Pauline,Jacobson,Brown University,Anton,Benz,ZAS Berlin,Seth,Yalcin,Berkeley,Magdalena,Kaufmann,University of Connecticut,Ira,Noveck,CNRS,Nancy,Hedberg,Simon Fraser University,Mats,Rooth,Cornell University,Josep,Quer,ICREA/Universitat Pompeu Fabra,Keir,Moulton,Simon Fraser University,Malte,Willer,University of Chicago,John,Beavers,The University of Texas at Austin,Beata,Gyuris,,Masahiro,Yamada,Kyoto University/Japan Society for the Promotion of Science/Rutgers University,Rick,Nouwen,Utrecht Institute for Linguistics OTS,Francis Jeffry,Pelletier,Simon Fraser University,Jenny,Doetjes,LUCL,William,Starr,Cornell University,Cleo,Condoravdi,Stanford University,Daniel,Hardt,,Roberto,Zamparelli,Università di Trento,Christopher,Piñón,Université Lille 3 / UMR 8163 STL,